{
  "pipeline": "loop5_enhanced_two_stage",
  "run_at": "2026-05-31T17:41:56.144532+00:00",
  "mlflow_run_id": "d08c3e45977b4fa0a19a2f07589ff867",
  "n_features": 21,
  "feature_cols": [
    "lag_1",
    "lag_4",
    "lag_52",
    "rolling_mean_4",
    "rolling_mean_12",
    "rolling_std_12",
    "weeks_since_last_sale",
    "intermittent_flag",
    "week_sin",
    "week_cos",
    "inventory_days_of_supply",
    "lag_nonzero_1",
    "lag_nonzero_4",
    "lag_nonzero_52",
    "demand_rate_12",
    "zscore_vs_channel",
    "log_lag_1",
    "log_lag_4",
    "log_rolling_mean_12",
    "cv_12",
    "channel_nonzero_avg"
  ],
  "use_log_target": true,
  "optuna_params": {
    "log_target": true,
    "objective": "huber",
    "num_leaves": 154,
    "learning_rate": 0.14839058155279436,
    "min_child_samples": 19,
    "feature_fraction": 0.5014767193713563,
    "bagging_fraction": 0.7352211639093376,
    "huber_alpha": 0.9823086684729874
  },
  "stage1_classifier": {
    "auc": 0.9631,
    "f1_at_thresh": 0.8026,
    "opt_threshold": 0.0506,
    "best_iter": 4,
    "calibrated": true,
    "top_features": {
      "rolling_mean_12": 4361663.931762695,
      "inventory_days_of_supply": 3762010.390625,
      "channel_nonzero_avg": 2553414.196411133,
      "weeks_since_last_sale": 770716.8403320312,
      "zscore_vs_channel": 370134.07287597656,
      "week_sin": 160207.59985351562,
      "week_cos": 46487.76989746094,
      "rolling_std_12": 42347.610595703125,
      "cv_12": 33698.419677734375,
      "rolling_mean_4": 27067.968994140625
    }
  },
  "stage2_regressor": {
    "best_iter": 22,
    "log_target": true,
    "nz_train_rows": 63091,
    "params": {
      "objective": "huber",
      "metric": "mae",
      "num_leaves": 154,
      "learning_rate": 0.14839058155279436,
      "min_child_samples": 19,
      "feature_fraction": 0.5014767193713563,
      "bagging_fraction": 0.7352211639093376,
      "bagging_freq": 5,
      "n_jobs": -1,
      "alpha": 0.9823086684729874
    },
    "top_features": {
      "rolling_std_12": 68265.10005557537,
      "channel_nonzero_avg": 50124.91017436981,
      "inventory_days_of_supply": 36623.56513428688,
      "log_rolling_mean_12": 15521.101967334747,
      "rolling_mean_12": 9587.3995449543,
      "rolling_mean_4": 8885.44476556778,
      "lag_1": 4420.677640199661,
      "zscore_vs_channel": 3493.896893978119,
      "cv_12": 3440.4760949611664,
      "log_lag_1": 3349.6039757728577
    }
  },
  "val_metrics": {
    "smape": 12.2179,
    "wape": 68.9058,
    "active_wape": 67.3403,
    "mase": 0.4585,
    "bias": -57.1073,
    "slp": 0.9514,
    "demand_f1": 0.8026,
    "pinball_50": 3.4161,
    "mae": 6.8322,
    "rmse": 88.7354,
    "pinball_10": 1.0099,
    "pinball_90": 2.5133
  },
  "vs_loop4": {
    "loop4_active_wape": 93.7601,
    "loop5_active_wape": 67.3403,
    "loop4_mase": 0.6169,
    "loop5_mase": 0.4585,
    "loop4_bias": -87.5074,
    "loop5_bias": -57.1073,
    "active_wape_improvement_pct": 28.18
  }
}